{
  "profile": "data-package",
  "name": "simple",
  "id": "e64da3c213e44a589087fb1f41429fdf",
  "licenses": [
    {
      "name": "ODC-PDDL-1.0",
      "path": "http://opendatacommons.org/licenses/pddl/",
      "title": "Open Data Commons Public Domain Dedication and License v1.0"
    }
  ],
  "resources": [
    {
      "profile": "data-resource",
      "format": "npy",
      "mediatype": "application/octet-stream",
      "name": "simple-data-source",
      "matrix": "technosphere",
      "path": "simple-data-source.npy"
    }
  ],
  "created": "2020-09-25T14:01:43.335137Z"
}